Reading,Receive,Value,Unit,Data Quality
2018-04-08 14:43:48,2018-04-08 14:44:03,0.00,in,A
2018-04-08 02:43:45,2018-04-08 02:44:05,0.00,in,A
2018-04-07 14:43:47,2018-04-07 14:44:03,0.00,in,A
2018-04-07 02:43:44,2018-04-07 02:44:05,0.00,in,A
2018-04-06 14:43:45,2018-04-06 14:44:03,0.00,in,A
2018-04-06 02:43:42,2018-04-06 02:43:45,0.00,in,A
2018-04-05 14:43:43,2018-04-05 14:44:03,0.00,in,A
2018-04-05 02:43:41,2018-04-05 02:43:45,0.00,in,A
2018-04-04 14:43:42,2018-04-04 14:43:43,0.00,in,A
2018-04-04 02:43:40,2018-04-04 02:43:43,0.00,in,A
2018-04-03 14:43:38,2018-04-03 14:43:45,0.00,in,A
2018-04-03 02:43:37,2018-04-03 02:43:45,0.00,in,A
2018-04-02 14:43:38,2018-04-02 14:43:43,0.00,in,A
2018-04-02 02:43:35,2018-04-02 02:43:45,0.00,in,A
2018-04-01 14:43:36,2018-04-01 14:43:43,0.00,in,A
2018-04-01 02:43:34,2018-04-01 02:43:45,0.00,in,A
2018-03-31 14:43:35,2018-03-31 14:43:43,0.00,in,A
2018-03-30 14:43:33,2018-03-30 14:43:43,0.00,in,A
2018-03-29 14:43:29,2018-03-29 14:43:45,0.00,in,A
2018-03-28 14:43:28,2018-03-28 14:43:45,0.00,in,A
2018-03-28 02:43:26,2018-03-28 02:43:45,0.00,in,A
2018-03-27 14:43:26,2018-03-27 14:43:45,0.00,in,A
2018-03-27 02:43:27,2018-03-27 02:43:43,0.00,in,A
2018-03-26 14:43:25,2018-03-26 14:43:43,0.00,in,A
2018-03-26 02:43:26,2018-03-26 02:43:43,0.00,in,A
2018-03-25 14:43:24,2018-03-25 14:43:43,0.00,in,A
2018-03-25 02:43:23,2018-03-25 02:43:43,0.00,in,A
2018-03-24 14:43:23,2018-03-24 14:43:43,0.00,in,A
2018-03-24 02:43:21,2018-03-24 02:43:23,0.00,in,A
2018-03-23 14:43:21,2018-03-23 14:43:23,0.00,in,A
2018-03-23 02:43:17,2018-03-23 02:43:25,0.02,in,A
2018-03-22 21:30:02,2018-03-22 21:30:06,0.01,in,A
2018-03-22 21:28:38,2018-03-22 21:28:45,0.01,in,A
2018-03-22 21:28:17,2018-03-22 21:28:25,0.01,in,A
2018-03-22 21:27:22,2018-03-22 21:27:25,0.01,in,A
2018-03-22 21:26:03,2018-03-22 21:26:25,0.03,in,A
2018-03-22 21:23:38,2018-03-22 21:23:45,0.01,in,A
2018-03-22 21:07:33,2018-03-22 21:07:45,0.01,in,A
2018-03-22 20:52:12,2018-03-22 20:52:25,0.01,in,A
2018-03-22 20:22:54,2018-03-22 20:23:06,0.01,in,A
2018-03-22 20:16:17,2018-03-22 20:16:25,0.01,in,A
2018-03-22 20:13:58,2018-03-22 20:14:05,0.01,in,A
2018-03-22 20:11:57,2018-03-22 20:12:05,0.01,in,A
2018-03-22 20:06:23,2018-03-22 20:06:46,0.01,in,A
2018-03-22 19:48:37,2018-03-22 19:48:46,0.01,in,A
2018-03-22 19:38:48,2018-03-22 19:39:05,0.01,in,A
2018-03-22 19:32:23,2018-03-22 19:32:46,0.01,in,A
2018-03-22 19:31:20,2018-03-22 19:31:25,0.01,in,A
2018-03-22 19:30:00,2018-03-22 19:30:05,0.01,in,A
2018-03-22 19:29:07,2018-03-22 19:29:25,0.01,in,A
2018-03-22 19:23:40,2018-03-22 19:23:45,0.01,in,A
2018-03-22 19:21:18,2018-03-22 19:21:25,0.01,in,A
2018-03-22 19:19:54,2018-03-22 19:20:05,0.01,in,A
2018-03-22 19:08:30,2018-03-22 19:08:45,0.03,in,A
2018-03-22 16:57:17,2018-03-22 16:57:25,0.01,in,A
2018-03-22 16:30:55,2018-03-22 16:31:05,0.01,in,A
2018-03-22 14:43:17,2018-03-22 14:43:25,0.00,in,A
2018-03-22 14:15:43,2018-03-22 14:16:05,0.01,in,A
2018-03-22 13:36:33,2018-03-22 13:36:45,0.01,in,A
2018-03-22 13:27:15,2018-03-22 13:27:25,0.01,in,A
2018-03-22 13:11:06,2018-03-22 13:11:26,0.01,in,A
2018-03-22 12:57:09,2018-03-22 12:57:26,0.01,in,A
2018-03-22 12:41:25,2018-03-22 12:41:45,0.01,in,A
2018-03-22 12:35:56,2018-03-22 12:36:05,0.01,in,A
2018-03-22 12:31:26,2018-03-22 12:31:45,0.02,in,A
2018-03-22 12:25:27,2018-03-22 12:25:45,0.02,in,A
2018-03-22 12:23:07,2018-03-22 12:23:25,0.02,in,A
2018-03-22 12:21:29,2018-03-22 12:21:45,0.01,in,A
2018-03-22 12:19:35,2018-03-22 12:19:45,0.01,in,A
2018-03-22 12:18:37,2018-03-22 12:18:46,0.01,in,A
2018-03-22 12:17:43,2018-03-22 12:18:05,0.01,in,A
2018-03-22 12:16:12,2018-03-22 12:16:26,0.01,in,A
2018-03-22 12:14:12,2018-03-22 12:14:25,0.01,in,A
2018-03-22 12:09:44,2018-03-22 12:10:05,0.01,in,A
2018-03-22 12:04:21,2018-03-22 12:04:25,0.01,in,A
2018-03-22 12:02:27,2018-03-22 12:02:46,0.01,in,A
2018-03-22 11:59:53,2018-03-22 12:00:05,0.01,in,A
2018-03-22 11:54:43,2018-03-22 11:55:06,0.01,in,A
2018-03-22 11:51:26,2018-03-22 11:51:45,0.01,in,A
2018-03-22 11:47:24,2018-03-22 11:47:45,0.01,in,A
2018-03-22 11:45:13,2018-03-22 11:45:25,0.01,in,A
2018-03-22 11:43:51,2018-03-22 11:44:05,0.01,in,A
2018-03-22 11:42:47,2018-03-22 11:43:05,0.01,in,A
2018-03-22 11:39:15,2018-03-22 11:39:25,0.01,in,A
2018-03-22 11:37:09,2018-03-22 11:37:25,0.01,in,A
2018-03-22 11:36:17,2018-03-22 11:36:26,0.01,in,A
2018-03-22 11:33:05,2018-03-22 11:33:25,0.01,in,A
2018-03-22 11:31:07,2018-03-22 11:31:26,0.01,in,A
2018-03-22 11:26:51,2018-03-22 11:27:05,0.01,in,A
2018-03-22 11:25:37,2018-03-22 11:25:46,0.01,in,A
2018-03-22 11:23:40,2018-03-22 11:23:47,0.02,in,A
2018-03-22 11:17:51,2018-03-22 11:18:06,0.01,in,A
2018-03-22 11:16:31,2018-03-22 11:16:46,0.01,in,A
2018-03-22 11:13:46,2018-03-22 11:14:06,0.01,in,A
2018-03-22 11:12:14,2018-03-22 11:12:25,0.01,in,A
2018-03-22 11:09:48,2018-03-22 11:10:05,0.01,in,A
2018-03-22 11:08:27,2018-03-22 11:08:45,0.01,in,A
2018-03-22 11:06:18,2018-03-22 11:06:27,0.01,in,A
2018-03-22 11:05:13,2018-03-22 11:05:25,0.01,in,A
2018-03-22 11:04:22,2018-03-22 11:04:25,0.01,in,A
2018-03-22 11:02:53,2018-03-22 11:03:06,0.01,in,A
2018-03-22 11:02:02,2018-03-22 11:02:06,0.01,in,A
2018-03-22 10:59:57,2018-03-22 11:00:06,0.01,in,A
2018-03-22 10:58:05,2018-03-22 10:58:25,0.01,in,A
2018-03-22 10:55:55,2018-03-22 10:56:06,0.01,in,A
2018-03-22 10:52:37,2018-03-22 10:52:46,0.01,in,A
2018-03-22 10:47:46,2018-03-22 10:48:05,0.01,in,A
2018-03-22 10:46:14,2018-03-22 10:46:25,0.01,in,A
2018-03-22 10:44:07,2018-03-22 10:44:26,0.01,in,A
2018-03-22 10:43:08,2018-03-22 10:43:26,0.01,in,A
2018-03-22 10:41:57,2018-03-22 10:42:07,0.02,in,A
2018-03-22 10:38:40,2018-03-22 10:38:46,0.01,in,A
2018-03-22 10:36:27,2018-03-22 10:36:45,0.01,in,A
2018-03-22 10:29:46,2018-03-22 10:30:07,0.01,in,A
2018-03-22 10:25:37,2018-03-22 10:25:45,0.01,in,A
2018-03-22 10:24:10,2018-03-22 10:24:26,0.01,in,A
2018-03-22 10:21:34,2018-03-22 10:21:45,0.01,in,A
2018-03-22 10:20:58,2018-03-22 10:21:06,0.01,in,A
2018-03-22 10:17:27,2018-03-22 10:17:46,0.01,in,A
2018-03-22 10:14:59,2018-03-22 10:15:06,0.01,in,A
2018-03-22 10:12:16,2018-03-22 10:12:26,0.01,in,A
2018-03-22 10:10:52,2018-03-22 10:11:06,0.01,in,A
2018-03-22 10:07:37,2018-03-22 10:07:47,0.01,in,A
2018-03-22 10:06:03,2018-03-22 10:06:26,0.01,in,A
2018-03-22 10:04:07,2018-03-22 10:04:25,0.01,in,A
2018-03-22 10:01:32,2018-03-22 10:01:45,0.01,in,A
2018-03-22 10:00:34,2018-03-22 10:00:46,0.01,in,A
2018-03-22 09:58:41,2018-03-22 09:58:46,0.01,in,A
2018-03-22 09:57:46,2018-03-22 09:58:06,0.02,in,A
2018-03-22 09:54:35,2018-03-22 09:54:46,0.01,in,A
2018-03-22 09:53:04,2018-03-22 09:53:26,0.01,in,A
2018-03-22 09:52:09,2018-03-22 09:52:26,0.01,in,A
2018-03-22 09:50:57,2018-03-22 09:51:06,0.01,in,A
2018-03-22 09:50:13,2018-03-22 09:50:26,0.01,in,A
2018-03-22 09:48:50,2018-03-22 09:49:05,0.01,in,A
2018-03-22 09:48:18,2018-03-22 09:48:25,0.01,in,A
2018-03-22 09:47:41,2018-03-22 09:47:46,0.01,in,A
2018-03-22 09:46:51,2018-03-22 09:47:07,0.01,in,A
2018-03-22 09:46:21,2018-03-22 09:46:25,0.01,in,A
2018-03-22 09:45:39,2018-03-22 09:45:46,0.01,in,A
2018-03-22 09:45:13,2018-03-22 09:45:26,0.01,in,A
2018-03-22 09:44:04,2018-03-22 09:44:26,0.01,in,A
2018-03-22 09:43:41,2018-03-22 09:43:46,0.01,in,A
2018-03-22 09:43:15,2018-03-22 09:43:25,0.01,in,A
2018-03-22 09:42:39,2018-03-22 09:42:45,0.01,in,A
2018-03-22 09:42:16,2018-03-22 09:42:26,0.01,in,A
2018-03-22 09:41:40,2018-03-22 09:41:45,0.01,in,A
2018-03-22 09:41:06,2018-03-22 09:41:25,0.01,in,A
2018-03-22 09:40:49,2018-03-22 09:41:07,0.01,in,A
2018-03-22 09:40:28,2018-03-22 09:40:45,0.01,in,A
2018-03-22 09:39:54,2018-03-22 09:40:06,0.01,in,A
2018-03-22 09:39:31,2018-03-22 09:39:46,0.01,in,A
2018-03-22 09:39:07,2018-03-22 09:39:26,0.01,in,A
2018-03-22 09:38:47,2018-03-22 09:39:05,0.01,in,A
2018-03-22 09:38:28,2018-03-22 09:38:45,0.01,in,A
2018-03-22 09:38:06,2018-03-22 09:38:26,0.01,in,A
2018-03-22 09:37:44,2018-03-22 09:38:05,0.02,in,A
2018-03-22 09:36:51,2018-03-22 09:37:05,0.01,in,A
2018-03-22 09:36:11,2018-03-22 09:36:25,0.01,in,A
2018-03-22 09:35:46,2018-03-22 09:36:05,0.01,in,A
2018-03-22 09:35:23,2018-03-22 09:35:45,0.01,in,A
2018-03-22 09:33:54,2018-03-22 09:34:05,0.01,in,A
2018-03-22 09:33:14,2018-03-22 09:33:25,0.01,in,A
2018-03-22 09:32:06,2018-03-22 09:32:26,0.01,in,A
2018-03-22 09:31:03,2018-03-22 09:31:25,0.01,in,A
2018-03-22 09:30:23,2018-03-22 09:30:45,0.01,in,A
2018-03-22 09:29:56,2018-03-22 09:30:06,0.01,in,A
2018-03-22 09:29:26,2018-03-22 09:29:45,0.01,in,A
2018-03-22 09:28:38,2018-03-22 09:28:46,0.01,in,A
2018-03-22 09:28:18,2018-03-22 09:28:25,0.01,in,A
2018-03-22 09:26:43,2018-03-22 09:27:05,0.01,in,A
2018-03-22 09:26:03,2018-03-22 09:26:25,0.01,in,A
2018-03-22 09:24:04,2018-03-22 09:24:25,0.01,in,A
2018-03-22 09:22:50,2018-03-22 09:23:06,0.01,in,A
2018-03-22 08:34:50,2018-03-22 08:35:05,0.01,in,A
2018-03-22 08:32:31,2018-03-22 08:32:46,0.01,in,A
2018-03-22 08:28:51,2018-03-22 08:29:05,0.01,in,A
2018-03-22 08:23:17,2018-03-22 08:23:25,0.01,in,A
2018-03-22 08:17:39,2018-03-22 08:17:46,0.01,in,A
2018-03-22 08:09:25,2018-03-22 08:09:46,0.01,in,A
2018-03-22 08:04:21,2018-03-22 08:04:26,0.01,in,A
2018-03-22 07:47:57,2018-03-22 07:48:05,0.01,in,A
2018-03-22 07:39:01,2018-03-22 07:39:07,0.01,in,A
2018-03-22 07:35:28,2018-03-22 07:35:45,0.01,in,A
2018-03-22 07:31:42,2018-03-22 07:31:45,0.01,in,A
2018-03-22 07:30:28,2018-03-22 07:30:45,0.01,in,A
2018-03-22 07:27:08,2018-03-22 07:27:25,0.01,in,A
2018-03-22 07:24:20,2018-03-22 07:24:26,0.01,in,A
2018-03-22 07:10:37,2018-03-22 07:10:45,0.01,in,A
2018-03-22 06:57:03,2018-03-22 06:57:25,0.01,in,A
2018-03-22 06:52:06,2018-03-22 06:52:26,0.01,in,A
2018-03-22 06:44:44,2018-03-22 06:45:05,0.01,in,A
2018-03-22 06:36:54,2018-03-22 06:37:05,0.01,in,A
2018-03-22 06:35:17,2018-03-22 06:35:26,0.01,in,A
2018-03-22 06:31:47,2018-03-22 06:32:06,0.01,in,A
2018-03-22 06:26:57,2018-03-22 06:27:07,0.01,in,A
2018-03-22 06:24:20,2018-03-22 06:24:25,0.01,in,A
2018-03-22 06:22:14,2018-03-22 06:22:25,0.01,in,A
2018-03-22 06:18:39,2018-03-22 06:18:46,0.01,in,A
2018-03-22 06:16:49,2018-03-22 06:17:06,0.01,in,A
2018-03-22 06:12:53,2018-03-22 06:13:06,0.01,in,A
2018-03-22 06:03:33,2018-03-22 06:03:46,0.04,in,A
2018-03-22 04:52:04,2018-03-22 04:52:26,0.01,in,A
2018-03-22 04:40:06,2018-03-22 04:40:25,0.02,in,A
2018-03-22 04:25:41,2018-03-22 04:25:45,0.01,in,A
2018-03-22 04:22:32,2018-03-22 04:22:45,0.01,in,A
2018-03-22 04:17:06,2018-03-22 04:17:26,0.01,in,A
2018-03-22 04:10:34,2018-03-22 04:10:45,0.01,in,A
2018-03-22 03:56:56,2018-03-22 03:57:05,0.02,in,A
2018-03-22 02:43:15,2018-03-22 02:43:25,0.00,in,A
2018-03-21 23:40:12,2018-03-21 23:40:25,0.01,in,A
2018-03-21 23:26:35,2018-03-21 23:26:45,0.02,in,A
2018-03-21 23:22:01,2018-03-21 23:22:05,0.01,in,A
2018-03-21 23:15:16,2018-03-21 23:15:25,0.01,in,A
2018-03-21 23:10:24,2018-03-21 23:10:45,0.02,in,A
2018-03-21 22:55:18,2018-03-21 22:55:25,0.01,in,A
2018-03-21 22:48:29,2018-03-21 22:48:45,0.01,in,A
2018-03-21 22:31:37,2018-03-21 22:31:45,0.01,in,A
2018-03-21 21:46:14,2018-03-21 21:46:25,0.01,in,A
2018-03-21 19:44:30,2018-03-21 19:44:45,0.02,in,A
2018-03-21 19:09:48,2018-03-21 19:10:05,0.01,in,A
2018-03-21 18:53:50,2018-03-21 18:54:06,0.03,in,A
2018-03-21 18:38:53,2018-03-21 18:39:06,0.01,in,A
2018-03-21 18:35:45,2018-03-21 18:36:06,0.01,in,A
2018-03-21 18:33:11,2018-03-21 18:33:25,0.01,in,A
2018-03-21 18:22:57,2018-03-21 18:23:05,0.01,in,A
2018-03-21 18:03:37,2018-03-21 18:03:45,0.01,in,A
2018-03-21 17:45:52,2018-03-21 17:46:06,0.01,in,A
2018-03-21 17:40:43,2018-03-21 17:41:05,0.01,in,A
2018-03-21 17:32:33,2018-03-21 17:32:45,0.01,in,A
2018-03-21 17:27:36,2018-03-21 17:27:45,0.02,in,A
2018-03-21 17:21:53,2018-03-21 17:22:05,0.02,in,A
2018-03-21 17:13:27,2018-03-21 17:13:46,0.02,in,A
2018-03-21 16:59:36,2018-03-21 16:59:45,0.01,in,A
2018-03-21 16:58:41,2018-03-21 16:58:45,0.01,in,A
2018-03-21 16:43:16,2018-03-21 16:43:25,0.01,in,A
2018-03-21 16:34:05,2018-03-21 16:34:27,0.01,in,A
2018-03-21 16:29:05,2018-03-21 16:29:25,0.01,in,A
2018-03-21 16:12:27,2018-03-21 16:12:45,0.02,in,A
2018-03-21 15:40:04,2018-03-21 15:40:25,0.01,in,A
2018-03-21 15:31:38,2018-03-21 15:31:45,0.01,in,A
2018-03-21 15:16:45,2018-03-21 15:17:05,0.01,in,A
2018-03-21 15:14:25,2018-03-21 15:14:45,0.01,in,A
2018-03-21 15:05:26,2018-03-21 15:05:46,0.01,in,A
2018-03-21 14:51:27,2018-03-21 14:51:45,0.01,in,A
2018-03-21 14:45:56,2018-03-21 14:46:06,0.01,in,A
2018-03-21 14:43:15,2018-03-21 14:43:25,0.00,in,A
2018-03-21 14:34:01,2018-03-21 14:34:05,0.01,in,A
2018-03-21 14:21:48,2018-03-21 14:22:05,0.01,in,A
2018-03-21 14:12:06,2018-03-21 14:12:25,0.01,in,A
2018-03-21 14:07:06,2018-03-21 14:07:26,0.01,in,A
2018-03-21 14:00:47,2018-03-21 14:01:05,0.01,in,A
2018-03-21 13:56:41,2018-03-21 13:56:45,0.01,in,A
2018-03-21 13:20:06,2018-03-21 13:20:25,0.01,in,A
2018-03-21 13:04:12,2018-03-21 13:04:25,0.01,in,A
2018-03-21 12:49:53,2018-03-21 12:50:05,0.01,in,A
2018-03-21 12:21:30,2018-03-21 12:21:46,0.01,in,A
2018-03-21 11:58:36,2018-03-21 11:58:45,0.01,in,A
2018-03-21 11:49:31,2018-03-21 11:49:45,0.01,in,A
2018-03-21 11:47:23,2018-03-21 11:47:46,0.01,in,A
2018-03-21 11:41:51,2018-03-21 11:42:06,0.01,in,A
2018-03-21 11:39:34,2018-03-21 11:39:45,0.01,in,A
2018-03-21 11:37:08,2018-03-21 11:37:26,0.02,in,A
2018-03-21 11:34:15,2018-03-21 11:34:26,0.01,in,A
2018-03-21 11:33:58,2018-03-21 11:34:06,0.01,in,A
2018-03-21 11:32:26,2018-03-21 11:32:46,0.01,in,A
2018-03-21 11:28:47,2018-03-21 11:29:06,0.01,in,A
2018-03-21 11:24:49,2018-03-21 11:25:06,0.02,in,A
2018-03-21 11:11:41,2018-03-21 11:11:46,0.01,in,A
2018-03-21 11:08:12,2018-03-21 11:08:26,0.01,in,A
2018-03-21 11:01:47,2018-03-21 11:02:05,0.01,in,A
2018-03-21 11:00:18,2018-03-21 11:00:25,0.01,in,A
2018-03-21 10:58:11,2018-03-21 10:58:25,0.01,in,A
2018-03-21 10:55:38,2018-03-21 10:55:45,0.01,in,A
2018-03-21 10:45:06,2018-03-21 10:45:26,0.01,in,A
2018-03-21 10:36:44,2018-03-21 10:37:06,0.01,in,A
2018-03-21 10:32:38,2018-03-21 10:32:46,0.01,in,A
2018-03-21 10:26:47,2018-03-21 10:27:05,0.01,in,A
2018-03-21 10:22:23,2018-03-21 10:22:45,0.01,in,A
2018-03-21 10:20:00,2018-03-21 10:20:05,0.01,in,A
2018-03-21 10:17:11,2018-03-21 10:17:26,0.01,in,A
2018-03-21 10:15:51,2018-03-21 10:16:06,0.01,in,A
2018-03-21 10:14:07,2018-03-21 10:14:25,0.01,in,A
2018-03-21 10:13:03,2018-03-21 10:13:25,0.01,in,A
2018-03-21 10:11:02,2018-03-21 10:11:06,0.01,in,A
2018-03-21 10:10:12,2018-03-21 10:10:26,0.01,in,A
2018-03-21 10:09:02,2018-03-21 10:09:06,0.01,in,A
2018-03-21 10:07:54,2018-03-21 10:08:05,0.01,in,A
2018-03-21 10:03:11,2018-03-21 10:03:26,0.01,in,A
2018-03-21 10:01:03,2018-03-21 10:01:28,0.01,in,A
2018-03-21 09:55:46,2018-03-21 09:56:05,0.01,in,A
2018-03-21 09:52:50,2018-03-21 09:53:07,0.02,in,A
2018-03-21 09:45:27,2018-03-21 09:45:46,0.01,in,A
2018-03-21 09:43:48,2018-03-21 09:44:05,0.01,in,A
2018-03-21 09:39:23,2018-03-21 09:39:45,0.01,in,A
2018-03-21 09:21:30,2018-03-21 09:21:46,0.02,in,A
2018-03-21 09:06:34,2018-03-21 09:06:46,0.01,in,A
2018-03-21 09:03:04,2018-03-21 09:03:26,0.01,in,A
2018-03-21 08:59:34,2018-03-21 08:59:45,0.01,in,A
2018-03-21 08:57:51,2018-03-21 08:58:06,0.02,in,A
2018-03-21 08:54:33,2018-03-21 08:54:46,0.01,in,A
2018-03-21 08:52:48,2018-03-21 08:53:07,0.01,in,A
2018-03-21 08:51:51,2018-03-21 08:52:07,0.02,in,A
2018-03-21 08:50:47,2018-03-21 08:51:06,0.01,in,A
2018-03-21 08:49:48,2018-03-21 08:50:07,0.01,in,A
2018-03-21 08:49:19,2018-03-21 08:49:27,0.02,in,A
2018-03-21 08:47:56,2018-03-21 08:48:07,0.01,in,A
2018-03-21 08:46:46,2018-03-21 08:47:07,0.01,in,A
2018-03-21 08:45:51,2018-03-21 08:46:07,0.01,in,A
2018-03-21 08:44:26,2018-03-21 08:44:46,0.01,in,A
2018-03-21 08:43:28,2018-03-21 08:43:47,0.02,in,A
2018-03-21 08:41:18,2018-03-21 08:41:27,0.01,in,A
2018-03-21 08:40:37,2018-03-21 08:40:47,0.01,in,A
2018-03-21 08:39:17,2018-03-21 08:39:27,0.01,in,A
2018-03-21 08:38:39,2018-03-21 08:38:46,0.01,in,A
2018-03-21 08:37:11,2018-03-21 08:37:29,0.02,in,A
2018-03-21 08:34:51,2018-03-21 08:35:07,0.02,in,A
2018-03-21 08:32:55,2018-03-21 08:33:06,0.01,in,A
2018-03-21 08:32:01,2018-03-21 08:32:07,0.01,in,A
2018-03-21 08:30:31,2018-03-21 08:30:47,0.03,in,A
2018-03-21 08:24:43,2018-03-21 08:25:07,0.01,in,A
2018-03-21 08:23:09,2018-03-21 08:23:26,0.01,in,A
2018-03-21 08:20:10,2018-03-21 08:20:26,0.01,in,A
2018-03-21 08:16:06,2018-03-21 08:16:26,0.01,in,A
2018-03-21 08:13:43,2018-03-21 08:14:06,0.01,in,A
2018-03-21 08:09:22,2018-03-21 08:09:27,0.01,in,A
2018-03-21 08:07:23,2018-03-21 08:07:46,0.01,in,A
2018-03-21 08:02:34,2018-03-21 08:02:46,0.01,in,A
2018-03-21 07:29:14,2018-03-21 07:29:25,0.01,in,A
2018-03-21 07:17:20,2018-03-21 07:17:26,0.01,in,A
2018-03-21 07:09:46,2018-03-21 07:10:05,0.01,in,A
2018-03-21 07:03:14,2018-03-21 07:03:25,0.01,in,A
2018-03-21 06:52:24,2018-03-21 06:52:45,0.01,in,A
2018-03-21 06:44:42,2018-03-21 06:44:46,0.03,in,A
2018-03-21 06:35:04,2018-03-21 06:35:25,0.01,in,A
2018-03-21 06:34:20,2018-03-21 06:34:25,0.01,in,A
2018-03-21 06:33:20,2018-03-21 06:33:25,0.02,in,A
2018-03-21 06:32:12,2018-03-21 06:32:25,0.01,in,A
2018-03-21 06:31:22,2018-03-21 06:31:25,0.01,in,A
2018-03-21 06:29:39,2018-03-21 06:29:45,0.01,in,A
2018-03-21 06:26:42,2018-03-21 06:26:46,0.01,in,A
2018-03-21 06:23:05,2018-03-21 06:23:25,0.01,in,A
2018-03-21 06:10:20,2018-03-21 06:10:25,0.01,in,A
2018-03-21 05:58:08,2018-03-21 05:58:25,0.01,in,A
2018-03-21 05:49:51,2018-03-21 05:50:05,0.02,in,A
2018-03-21 05:44:16,2018-03-21 05:44:25,0.01,in,A
2018-03-21 05:43:30,2018-03-21 05:43:46,0.01,in,A
2018-03-21 05:42:17,2018-03-21 05:42:26,0.01,in,A
2018-03-21 05:38:35,2018-03-21 05:38:45,0.01,in,A
2018-03-21 05:37:13,2018-03-21 05:37:25,0.01,in,A
2018-03-21 05:34:58,2018-03-21 05:35:05,0.04,in,A
2018-03-21 05:21:29,2018-03-21 05:21:46,0.02,in,A
2018-03-21 05:18:16,2018-03-21 05:18:25,0.01,in,A
2018-03-21 05:15:42,2018-03-21 05:15:47,0.01,in,A
2018-03-21 05:13:37,2018-03-21 05:13:46,0.07,in,A
2018-03-21 04:53:34,2018-03-21 04:53:46,0.01,in,A
2018-03-21 04:52:19,2018-03-21 04:52:25,0.01,in,A
2018-03-21 04:50:07,2018-03-21 04:50:25,0.01,in,A
2018-03-21 04:48:40,2018-03-21 04:48:46,0.01,in,A
2018-03-21 04:45:37,2018-03-21 04:45:46,0.01,in,A
2018-03-21 04:43:35,2018-03-21 04:43:46,0.01,in,A
2018-03-21 04:41:52,2018-03-21 04:42:05,0.01,in,A
2018-03-21 04:40:33,2018-03-21 04:40:46,0.01,in,A
2018-03-21 04:39:21,2018-03-21 04:39:26,0.01,in,A
2018-03-21 04:38:23,2018-03-21 04:38:46,0.01,in,A
2018-03-21 04:37:28,2018-03-21 04:37:46,0.01,in,A
2018-03-21 04:35:46,2018-03-21 04:36:06,0.01,in,A
2018-03-21 04:23:38,2018-03-21 04:23:46,0.01,in,A
2018-03-21 04:19:10,2018-03-21 04:19:26,0.01,in,A
2018-03-21 04:16:00,2018-03-21 04:16:06,0.01,in,A
2018-03-21 04:14:04,2018-03-21 04:14:26,0.01,in,A
2018-03-21 04:11:16,2018-03-21 04:11:25,0.01,in,A
2018-03-21 04:09:35,2018-03-21 04:09:46,0.01,in,A
2018-03-21 04:08:11,2018-03-21 04:08:26,0.01,in,A
2018-03-21 04:06:32,2018-03-21 04:06:45,0.01,in,A
2018-03-21 04:04:54,2018-03-21 04:05:06,0.01,in,A
2018-03-21 04:03:09,2018-03-21 04:03:25,0.01,in,A
2018-03-21 03:58:59,2018-03-21 03:59:05,0.01,in,A
2018-03-21 03:49:46,2018-03-21 03:50:05,0.01,in,A
2018-03-21 02:43:14,2018-03-21 02:43:25,0.00,in,A
2018-03-20 21:16:35,2018-03-20 21:16:45,0.02,in,A
2018-03-20 20:53:10,2018-03-20 20:53:25,0.02,in,A
2018-03-20 20:30:32,2018-03-20 20:30:45,0.01,in,A
2018-03-20 20:21:20,2018-03-20 20:21:25,0.01,in,A
2018-03-20 20:03:10,2018-03-20 20:03:26,0.01,in,A
2018-03-20 19:24:03,2018-03-20 19:24:25,0.01,in,A
2018-03-20 19:17:34,2018-03-20 19:17:45,0.01,in,A
2018-03-20 19:11:38,2018-03-20 19:11:45,0.01,in,A
2018-03-20 18:53:38,2018-03-20 18:53:45,0.01,in,A
2018-03-20 18:41:39,2018-03-20 18:41:45,0.01,in,A
2018-03-20 18:36:31,2018-03-20 18:36:45,0.01,in,A
2018-03-20 18:31:33,2018-03-20 18:31:45,0.01,in,A
2018-03-20 18:25:35,2018-03-20 18:25:45,0.01,in,A
2018-03-20 18:20:01,2018-03-20 18:20:05,0.01,in,A
2018-03-20 18:15:15,2018-03-20 18:15:25,0.01,in,A
2018-03-20 18:11:50,2018-03-20 18:12:06,0.01,in,A
2018-03-20 18:05:12,2018-03-20 18:05:25,0.01,in,A
2018-03-20 17:39:51,2018-03-20 17:40:05,0.01,in,A
2018-03-20 17:35:33,2018-03-20 17:35:45,0.01,in,A
2018-03-20 17:30:23,2018-03-20 17:30:45,0.01,in,A
2018-03-20 17:26:11,2018-03-20 17:26:25,0.01,in,A
2018-03-20 17:22:35,2018-03-20 17:22:45,0.01,in,A
2018-03-20 17:15:49,2018-03-20 17:16:06,0.02,in,A
2018-03-20 16:51:51,2018-03-20 16:52:07,0.01,in,A
2018-03-20 16:41:11,2018-03-20 16:41:26,0.01,in,A
2018-03-20 16:36:22,2018-03-20 16:36:25,0.01,in,A
2018-03-20 16:32:07,2018-03-20 16:32:25,0.01,in,A
2018-03-20 16:27:27,2018-03-20 16:27:45,0.01,in,A
2018-03-20 14:43:13,2018-03-20 14:43:25,0.00,in,A
2018-03-20 02:43:12,2018-03-20 02:43:25,0.00,in,A
2018-03-19 14:43:12,2018-03-19 14:43:25,0.00,in,A
2018-03-18 14:43:10,2018-03-18 14:43:25,0.00,in,A
2018-03-18 02:43:08,2018-03-18 02:43:25,0.00,in,A
2018-03-17 14:43:10,2018-03-17 14:43:25,0.00,in,A
2018-03-17 11:10:37,2018-03-17 11:10:45,0.01,in,A
2018-03-17 02:43:07,2018-03-17 02:43:25,0.00,in,A
2018-03-16 19:04:55,2018-03-16 19:05:05,0.01,in,A
2018-03-16 18:32:37,2018-03-16 18:32:45,0.01,in,A
2018-03-16 18:24:33,2018-03-16 18:24:45,0.02,in,A
2018-03-16 16:16:52,2018-03-16 16:17:05,0.01,in,A
2018-03-16 15:54:33,2018-03-16 15:54:45,0.01,in,A
2018-03-16 15:34:55,2018-03-16 15:35:05,0.01,in,A
2018-03-16 15:28:17,2018-03-16 15:28:25,0.01,in,A
2018-03-16 15:19:25,2018-03-16 15:19:45,0.01,in,A
2018-03-16 15:08:25,2018-03-16 15:08:45,0.01,in,A
2018-03-16 14:55:21,2018-03-16 14:55:25,0.01,in,A
2018-03-16 14:50:56,2018-03-16 14:51:05,0.02,in,A
2018-03-16 14:43:05,2018-03-16 14:43:25,0.00,in,A
2018-03-16 13:11:13,2018-03-16 13:11:25,0.01,in,A
2018-03-16 12:57:36,2018-03-16 12:57:45,0.01,in,A
2018-03-16 10:11:04,2018-03-16 10:11:25,0.01,in,A
2018-03-16 07:39:21,2018-03-16 07:39:25,0.01,in,A
2018-03-16 02:43:05,2018-03-16 02:43:25,0.00,in,A
2018-03-15 14:43:04,2018-03-15 14:43:25,0.00,in,A
2018-03-15 02:43:05,2018-03-15 02:43:25,0.00,in,A
2018-03-14 23:13:46,2018-03-14 23:14:06,0.02,in,A
2018-03-14 22:53:50,2018-03-14 22:54:05,0.01,in,A
2018-03-14 22:49:31,2018-03-14 22:49:46,0.01,in,A
2018-03-14 22:44:58,2018-03-14 22:45:05,0.01,in,A
2018-03-14 22:43:36,2018-03-14 22:43:45,0.01,in,A
2018-03-14 22:41:16,2018-03-14 22:41:25,0.01,in,A
2018-03-14 22:40:25,2018-03-14 22:40:45,0.02,in,A
2018-03-14 22:36:28,2018-03-14 22:36:46,0.01,in,A
2018-03-14 22:33:14,2018-03-14 22:33:26,0.02,in,A
2018-03-14 22:25:37,2018-03-14 22:25:46,0.01,in,A
2018-03-14 22:23:29,2018-03-14 22:23:45,0.01,in,A
2018-03-14 22:20:12,2018-03-14 22:20:26,0.01,in,A
2018-03-14 22:18:20,2018-03-14 22:18:26,0.01,in,A
2018-03-14 22:13:33,2018-03-14 22:13:46,0.01,in,A
2018-03-14 22:08:10,2018-03-14 22:08:26,0.02,in,A
2018-03-14 21:58:30,2018-03-14 21:58:46,0.01,in,A
2018-03-14 21:55:11,2018-03-14 21:55:25,0.01,in,A
2018-03-14 21:53:23,2018-03-14 21:53:45,0.01,in,A
2018-03-14 21:48:26,2018-03-14 21:48:45,0.01,in,A
2018-03-14 21:41:22,2018-03-14 21:41:25,0.02,in,A
2018-03-14 21:30:17,2018-03-14 21:30:25,0.02,in,A
2018-03-14 21:12:24,2018-03-14 21:12:45,0.01,in,A
2018-03-14 21:08:17,2018-03-14 21:08:25,0.01,in,A
2018-03-14 21:04:05,2018-03-14 21:04:26,0.01,in,A
2018-03-14 21:02:05,2018-03-14 21:02:25,0.01,in,A
2018-03-14 20:55:44,2018-03-14 20:56:05,0.01,in,A
2018-03-14 20:44:23,2018-03-14 20:44:45,0.01,in,A
2018-03-14 20:40:02,2018-03-14 20:40:05,0.01,in,A
2018-03-14 20:14:00,2018-03-14 20:14:05,0.01,in,A
2018-03-14 20:05:40,2018-03-14 20:05:45,0.01,in,A
2018-03-14 20:04:35,2018-03-14 20:04:45,0.01,in,A
2018-03-14 14:43:03,2018-03-14 14:43:25,0.00,in,A
2018-03-14 14:36:05,2018-03-14 14:36:25,0.01,in,A
2018-03-14 02:43:02,2018-03-14 02:43:05,0.00,in,A
2018-03-13 21:16:58,2018-03-13 21:17:05,0.01,in,A
2018-03-13 21:11:37,2018-03-13 21:11:45,0.01,in,A
2018-03-13 21:04:51,2018-03-13 21:05:05,0.01,in,A
2018-03-13 21:02:30,2018-03-13 21:02:46,0.01,in,A
2018-03-13 21:00:26,2018-03-13 21:00:45,0.01,in,A
2018-03-13 20:56:56,2018-03-13 20:57:05,0.01,in,A
2018-03-13 20:55:29,2018-03-13 20:55:45,0.02,in,A
2018-03-13 20:52:00,2018-03-13 20:52:06,0.01,in,A
2018-03-13 20:51:06,2018-03-13 20:51:25,0.01,in,A
2018-03-13 20:50:23,2018-03-13 20:50:45,0.01,in,A
2018-03-13 20:49:36,2018-03-13 20:49:45,0.01,in,A
2018-03-13 20:46:10,2018-03-13 20:46:25,0.01,in,A
2018-03-13 20:41:56,2018-03-13 20:42:05,0.01,in,A
2018-03-13 20:27:57,2018-03-13 20:28:06,0.01,in,A
2018-03-13 20:12:28,2018-03-13 20:12:45,0.01,in,A
2018-03-13 19:39:10,2018-03-13 19:39:25,0.01,in,A
2018-03-13 19:35:27,2018-03-13 19:35:45,0.01,in,A
2018-03-13 19:32:49,2018-03-13 19:33:05,0.01,in,A
2018-03-13 16:57:20,2018-03-13 16:57:25,0.01,in,A
2018-03-13 16:35:58,2018-03-13 16:36:05,0.01,in,A
2018-03-13 16:31:32,2018-03-13 16:31:46,0.01,in,A
2018-03-13 16:12:32,2018-03-13 16:12:45,0.01,in,A
2018-03-13 15:50:26,2018-03-13 15:50:45,0.01,in,A
2018-03-13 15:29:35,2018-03-13 15:29:45,0.01,in,A
2018-03-13 14:43:01,2018-03-13 14:43:05,0.00,in,A
2018-03-13 14:42:12,2018-03-13 14:42:25,0.01,in,A
2018-03-13 14:31:34,2018-03-13 14:31:45,0.01,in,A
2018-03-13 14:26:04,2018-03-13 14:26:25,0.01,in,A
2018-03-13 14:22:11,2018-03-13 14:22:25,0.01,in,A
2018-03-13 14:20:33,2018-03-13 14:20:45,0.01,in,A
2018-03-13 14:18:27,2018-03-13 14:18:45,0.01,in,A
2018-03-13 14:11:49,2018-03-13 14:12:05,0.01,in,A
2018-03-13 14:05:41,2018-03-13 14:05:45,0.01,in,A
2018-03-13 14:00:54,2018-03-13 14:01:05,0.01,in,A
2018-03-13 13:51:11,2018-03-13 13:51:25,0.01,in,A
2018-03-13 13:23:28,2018-03-13 13:23:45,0.01,in,A
2018-03-13 13:13:59,2018-03-13 13:14:05,0.01,in,A
2018-03-13 13:03:34,2018-03-13 13:03:45,0.01,in,A
2018-03-13 12:51:05,2018-03-13 12:51:25,0.01,in,A
2018-03-13 12:37:12,2018-03-13 12:37:26,0.01,in,A
2018-03-13 12:23:15,2018-03-13 12:23:26,0.01,in,A
2018-03-13 12:10:33,2018-03-13 12:10:45,0.01,in,A
2018-03-13 12:07:40,2018-03-13 12:07:45,0.02,in,A
2018-03-13 11:29:56,2018-03-13 11:30:05,0.01,in,A
2018-03-13 11:22:33,2018-03-13 11:22:45,0.01,in,A
2018-03-13 10:52:15,2018-03-13 10:52:25,0.01,in,A
2018-03-13 10:44:50,2018-03-13 10:45:05,0.02,in,A
2018-03-13 10:15:24,2018-03-13 10:15:45,0.01,in,A
2018-03-13 10:11:47,2018-03-13 10:12:05,0.01,in,A
2018-03-13 10:03:21,2018-03-13 10:03:25,0.01,in,A
2018-03-13 10:02:10,2018-03-13 10:02:25,0.01,in,A
2018-03-13 10:01:01,2018-03-13 10:01:05,0.01,in,A
2018-03-13 09:52:19,2018-03-13 09:52:25,0.01,in,A
2018-03-13 09:49:33,2018-03-13 09:49:45,0.01,in,A
2018-03-13 09:45:02,2018-03-13 09:45:05,0.01,in,A
2018-03-13 09:40:50,2018-03-13 09:41:05,0.01,in,A
2018-03-13 09:26:08,2018-03-13 09:26:25,0.01,in,A
2018-03-13 09:19:56,2018-03-13 09:20:05,0.01,in,A
2018-03-13 09:10:46,2018-03-13 09:11:05,0.01,in,A
2018-03-13 09:08:02,2018-03-13 09:08:05,0.01,in,A
2018-03-13 09:03:24,2018-03-13 09:03:45,0.01,in,A
2018-03-13 08:55:13,2018-03-13 08:55:25,0.01,in,A
2018-03-13 08:51:07,2018-03-13 08:51:25,0.01,in,A
2018-03-13 08:45:34,2018-03-13 08:45:45,0.01,in,A
2018-03-13 08:35:56,2018-03-13 08:36:05,0.01,in,A
2018-03-13 08:24:40,2018-03-13 08:24:45,0.01,in,A
2018-03-13 08:18:42,2018-03-13 08:18:45,0.01,in,A
2018-03-13 08:10:31,2018-03-13 08:10:45,0.01,in,A
2018-03-13 07:59:37,2018-03-13 07:59:45,0.01,in,A
2018-03-13 07:54:36,2018-03-13 07:54:45,0.01,in,A
2018-03-13 07:52:18,2018-03-13 07:52:25,0.01,in,A
2018-03-13 07:42:32,2018-03-13 07:42:45,0.01,in,A
2018-03-13 07:36:20,2018-03-13 07:36:25,0.01,in,A
2018-03-13 07:29:35,2018-03-13 07:29:45,0.02,in,A
2018-03-13 07:17:46,2018-03-13 07:18:05,0.01,in,A
2018-03-13 07:11:33,2018-03-13 07:11:45,0.01,in,A
2018-03-13 07:05:56,2018-03-13 07:06:05,0.01,in,A
2018-03-13 07:00:29,2018-03-13 07:00:45,0.01,in,A
2018-03-13 06:53:15,2018-03-13 06:53:25,0.01,in,A
2018-03-13 06:33:57,2018-03-13 06:34:06,0.01,in,A
2018-03-13 06:05:28,2018-03-13 06:05:45,0.01,in,A
2018-03-13 05:52:15,2018-03-13 05:52:25,0.01,in,A
2018-03-13 05:30:16,2018-03-13 05:30:25,0.01,in,A
2018-03-13 05:20:53,2018-03-13 05:21:05,0.01,in,A
2018-03-13 04:57:23,2018-03-13 04:57:45,0.01,in,A
2018-03-13 04:43:34,2018-03-13 04:43:45,0.01,in,A
2018-03-13 02:42:59,2018-03-13 02:43:05,0.00,in,A
2018-03-12 20:29:54,2018-03-12 20:30:05,0.01,in,A
2018-03-12 14:43:01,2018-03-12 14:43:05,0.00,in,A
2018-03-12 06:53:42,2018-03-12 06:53:45,0.01,in,A
2018-03-12 02:42:58,2018-03-12 02:43:05,0.00,in,A
2018-03-11 14:42:57,2018-03-11 14:43:05,0.00,in,A
2018-03-11 01:42:56,2018-03-11 01:43:05,0.00,in,A
2018-03-11 01:25:29,2018-03-11 01:25:45,0.01,in,A
2018-03-10 22:33:26,2018-03-10 22:33:45,0.01,in,A
2018-03-10 20:18:31,2018-03-10 20:18:46,0.01,in,A
2018-03-10 20:03:48,2018-03-10 20:04:06,0.01,in,A
2018-03-10 19:59:12,2018-03-10 19:59:25,0.01,in,A
2018-03-10 19:51:49,2018-03-10 19:52:06,0.01,in,A
2018-03-10 19:47:21,2018-03-10 19:47:26,0.04,in,A
2018-03-10 19:39:49,2018-03-10 19:40:06,0.01,in,A
2018-03-10 19:39:03,2018-03-10 19:39:26,0.01,in,A
2018-03-10 19:36:31,2018-03-10 19:36:45,0.01,in,A
2018-03-10 19:34:57,2018-03-10 19:35:07,0.01,in,A
2018-03-10 19:33:30,2018-03-10 19:33:46,0.01,in,A
2018-03-10 19:32:12,2018-03-10 19:32:26,0.02,in,A
2018-03-10 19:29:38,2018-03-10 19:29:46,0.01,in,A
2018-03-10 19:28:33,2018-03-10 19:28:46,0.01,in,A
2018-03-10 19:25:52,2018-03-10 19:26:06,0.02,in,A
2018-03-10 19:23:16,2018-03-10 19:23:26,0.01,in,A
2018-03-10 19:21:48,2018-03-10 19:22:06,0.02,in,A
2018-03-10 19:19:15,2018-03-10 19:19:26,0.01,in,A
2018-03-10 19:18:06,2018-03-10 19:18:26,0.01,in,A
2018-03-10 19:17:06,2018-03-10 19:17:25,0.01,in,A
2018-03-10 19:14:39,2018-03-10 19:14:46,0.01,in,A
2018-03-10 19:12:24,2018-03-10 19:12:46,0.01,in,A
2018-03-10 19:11:23,2018-03-10 19:11:46,0.01,in,A
2018-03-10 19:10:28,2018-03-10 19:10:46,0.02,in,A
2018-03-10 19:07:32,2018-03-10 19:07:46,0.02,in,A
2018-03-10 19:04:13,2018-03-10 19:04:27,0.01,in,A
2018-03-10 19:02:47,2018-03-10 19:03:06,0.01,in,A
2018-03-10 19:01:24,2018-03-10 19:01:46,0.01,in,A
2018-03-10 19:00:01,2018-03-10 19:00:06,0.01,in,A
2018-03-10 18:58:58,2018-03-10 18:59:06,0.01,in,A
2018-03-10 18:58:02,2018-03-10 18:58:06,0.02,in,A
2018-03-10 18:55:39,2018-03-10 18:55:46,0.01,in,A
2018-03-10 18:53:54,2018-03-10 18:54:06,0.01,in,A
2018-03-10 18:52:57,2018-03-10 18:53:05,0.01,in,A
2018-03-10 18:52:08,2018-03-10 18:52:25,0.01,in,A
2018-03-10 18:51:28,2018-03-10 18:51:46,0.01,in,A
2018-03-10 18:50:50,2018-03-10 18:51:05,0.01,in,A
2018-03-10 18:50:14,2018-03-10 18:50:26,0.01,in,A
2018-03-10 18:49:40,2018-03-10 18:49:46,0.01,in,A
2018-03-10 18:49:03,2018-03-10 18:49:26,0.01,in,A
2018-03-10 18:48:37,2018-03-10 18:48:46,0.01,in,A
2018-03-10 18:48:01,2018-03-10 18:48:06,0.02,in,A
2018-03-10 18:37:20,2018-03-10 18:37:25,0.01,in,A
2018-03-10 18:25:26,2018-03-10 18:25:45,0.01,in,A
2018-03-10 17:48:27,2018-03-10 17:48:45,0.01,in,A
2018-03-10 17:24:39,2018-03-10 17:24:45,0.01,in,A
2018-03-10 16:53:09,2018-03-10 16:53:25,0.01,in,A
2018-03-10 16:37:16,2018-03-10 16:37:25,0.01,in,A
2018-03-10 16:32:12,2018-03-10 16:32:25,0.01,in,A
2018-03-10 16:27:28,2018-03-10 16:27:45,0.01,in,A
2018-03-10 16:23:57,2018-03-10 16:24:06,0.01,in,A
2018-03-10 16:15:53,2018-03-10 16:16:05,0.03,in,A
2018-03-10 15:49:45,2018-03-10 15:50:05,0.02,in,A
2018-03-10 15:35:41,2018-03-10 15:35:45,0.01,in,A
2018-03-10 15:30:54,2018-03-10 15:31:05,0.01,in,A
2018-03-10 15:22:45,2018-03-10 15:23:05,0.01,in,A
2018-03-10 15:19:38,2018-03-10 15:19:45,0.01,in,A
2018-03-10 15:13:37,2018-03-10 15:13:45,0.01,in,A
2018-03-10 15:10:54,2018-03-10 15:11:06,0.01,in,A
2018-03-10 15:05:51,2018-03-10 15:06:05,0.01,in,A
2018-03-10 15:02:17,2018-03-10 15:02:26,0.01,in,A
2018-03-10 14:59:22,2018-03-10 14:59:25,0.02,in,A
2018-03-10 14:52:38,2018-03-10 14:52:46,0.01,in,A
2018-03-10 14:48:08,2018-03-10 14:48:26,0.01,in,A
2018-03-10 14:41:55,2018-03-10 14:42:05,0.01,in,A
2018-03-10 14:38:37,2018-03-10 14:38:46,0.01,in,A
2018-03-10 14:36:21,2018-03-10 14:36:26,0.01,in,A
2018-03-10 14:34:33,2018-03-10 14:34:45,0.01,in,A
2018-03-10 14:31:27,2018-03-10 14:31:45,0.01,in,A
2018-03-10 14:28:23,2018-03-10 14:28:45,0.01,in,A
2018-03-10 14:22:35,2018-03-10 14:22:45,0.01,in,A
2018-03-10 14:06:46,2018-03-10 14:07:05,0.01,in,A
2018-03-10 13:59:45,2018-03-10 14:00:05,0.01,in,A
2018-03-10 13:44:44,2018-03-10 13:45:05,0.01,in,A
2018-03-10 13:42:57,2018-03-10 13:43:05,0.00,in,A
2018-03-10 13:36:18,2018-03-10 13:36:25,0.01,in,A
2018-03-10 13:27:33,2018-03-10 13:27:45,0.01,in,A
2018-03-10 13:18:16,2018-03-10 13:18:25,0.01,in,A
2018-03-10 13:09:42,2018-03-10 13:09:45,0.01,in,A
2018-03-10 13:03:57,2018-03-10 13:04:05,0.01,in,A
2018-03-10 01:42:55,2018-03-10 01:43:05,0.00,in,A
2018-03-09 13:42:54,2018-03-09 13:43:05,0.00,in,A
2018-03-09 01:42:53,2018-03-09 01:43:05,0.00,in,A
2018-03-08 13:42:54,2018-03-08 13:43:05,0.00,in,A
2018-03-08 01:42:51,2018-03-08 01:43:05,0.00,in,A
2018-03-07 13:42:50,2018-03-07 13:43:05,0.00,in,A
2018-03-07 01:42:50,2018-03-07 01:43:05,0.00,in,A
2018-03-06 13:42:48,2018-03-06 13:43:05,0.00,in,A
2018-03-06 01:42:47,2018-03-06 01:43:05,0.00,in,A
2018-03-05 13:42:46,2018-03-05 13:43:05,0.00,in,A
2018-03-05 01:42:45,2018-03-05 01:43:05,0.00,in,A
2018-03-04 13:42:45,2018-03-04 13:43:05,0.00,in,A
2018-03-04 01:42:44,2018-03-04 01:43:05,0.00,in,A
2018-03-03 13:42:43,2018-03-03 13:43:05,0.00,in,A
2018-03-03 05:14:43,2018-03-03 05:15:05,0.02,in,A
2018-03-03 03:54:32,2018-03-03 03:54:45,0.01,in,A
2018-03-03 03:06:49,2018-03-03 03:07:05,0.01,in,A
2018-03-03 03:04:55,2018-03-03 03:05:05,0.01,in,A
2018-03-03 03:03:42,2018-03-03 03:03:45,0.01,in,A
2018-03-03 03:03:16,2018-03-03 03:03:25,0.01,in,A
2018-03-03 03:02:16,2018-03-03 03:02:25,0.02,in,A
2018-03-03 03:00:04,2018-03-03 03:00:25,0.01,in,A
2018-03-03 02:59:31,2018-03-03 02:59:45,0.01,in,A
2018-03-03 02:58:32,2018-03-03 02:58:45,0.01,in,A
2018-03-03 02:57:44,2018-03-03 02:58:05,0.01,in,A
2018-03-03 02:56:49,2018-03-03 02:57:05,0.01,in,A
2018-03-03 02:56:09,2018-03-03 02:56:25,0.01,in,A
2018-03-03 02:54:17,2018-03-03 02:54:25,0.01,in,A
2018-03-03 02:48:38,2018-03-03 02:48:45,0.01,in,A
2018-03-03 02:46:06,2018-03-03 02:46:25,0.01,in,A
2018-03-03 02:43:28,2018-03-03 02:43:45,0.01,in,A
2018-03-03 02:34:36,2018-03-03 02:34:45,0.01,in,A
2018-03-03 02:24:14,2018-03-03 02:24:25,0.01,in,A
2018-03-03 02:14:31,2018-03-03 02:14:45,0.01,in,A
2018-03-03 01:42:42,2018-03-03 01:42:45,0.00,in,A
2018-03-02 18:11:38,2018-03-02 18:11:45,0.01,in,A
2018-03-02 13:42:41,2018-03-02 13:42:45,0.00,in,A
2018-03-02 06:23:06,2018-03-02 06:23:25,0.01,in,A
2018-03-02 04:54:37,2018-03-02 04:54:45,0.01,in,A
2018-03-02 04:37:28,2018-03-02 04:37:45,0.02,in,A
2018-03-02 03:30:38,2018-03-02 03:30:45,0.01,in,A
2018-03-02 03:09:50,2018-03-02 03:10:05,0.01,in,A
2018-03-02 02:25:34,2018-03-02 02:25:46,0.02,in,A
2018-03-02 01:42:40,2018-03-02 01:42:45,0.00,in,A
2018-03-02 01:28:28,2018-03-02 01:28:45,0.01,in,A
2018-03-02 00:42:15,2018-03-02 00:42:25,0.02,in,A
2018-03-01 22:08:06,2018-03-01 22:08:25,0.01,in,A
2018-03-01 22:00:41,2018-03-01 22:00:46,0.01,in,A
2018-03-01 20:39:56,2018-03-01 20:40:06,0.01,in,A
2018-03-01 20:16:44,2018-03-01 20:17:05,0.01,in,A
2018-03-01 19:59:26,2018-03-01 19:59:45,0.01,in,A
2018-03-01 19:38:12,2018-03-01 19:38:25,0.01,in,A
2018-03-01 19:26:24,2018-03-01 19:26:45,0.01,in,A
2018-03-01 19:20:37,2018-03-01 19:20:45,0.01,in,A
2018-03-01 18:45:29,2018-03-01 18:45:45,0.01,in,A
2018-03-01 18:29:17,2018-03-01 18:29:25,0.01,in,A
2018-03-01 18:18:29,2018-03-01 18:18:45,0.01,in,A
2018-03-01 17:58:26,2018-03-01 17:58:45,0.01,in,A
2018-03-01 17:28:44,2018-03-01 17:29:05,0.01,in,A
2018-03-01 16:34:46,2018-03-01 16:35:05,0.01,in,A
2018-03-01 15:45:32,2018-03-01 15:45:45,0.01,in,A
2018-03-01 15:09:32,2018-03-01 15:09:45,0.01,in,A
2018-03-01 13:42:40,2018-03-01 13:42:45,0.00,in,A
2018-03-01 01:42:39,2018-03-01 01:42:45,0.00,in,A
2018-02-28 13:42:39,2018-02-28 13:42:43,0.00,in,A
2018-02-28 01:42:38,2018-02-28 01:42:43,0.00,in,A
2018-02-27 13:42:38,2018-02-27 13:42:43,0.00,in,A
2018-02-27 01:42:35,2018-02-27 01:42:45,0.00,in,A
2018-02-26 17:28:31,2018-02-26 17:28:45,0.01,in,A
2018-02-26 13:42:34,2018-02-26 13:42:45,0.00,in,A
2018-02-26 01:42:32,2018-02-26 01:42:45,0.00,in,A
2018-02-25 13:42:31,2018-02-25 13:42:45,0.00,in,A
2018-02-25 01:42:31,2018-02-25 01:42:45,0.00,in,A
2018-02-24 13:42:30,2018-02-24 13:42:45,0.00,in,A
2018-02-24 01:42:29,2018-02-24 01:42:45,0.00,in,A
2018-02-23 13:42:27,2018-02-23 13:42:45,0.00,in,A
2018-02-23 01:42:27,2018-02-23 01:42:45,0.00,in,A
2018-02-22 13:42:26,2018-02-22 13:42:45,0.00,in,A
2018-02-22 01:42:24,2018-02-22 01:42:45,0.00,in,A
2018-02-21 13:42:24,2018-02-21 13:42:45,0.00,in,A
2018-02-21 01:42:23,2018-02-21 01:42:45,0.00,in,A
2018-02-20 13:42:22,2018-02-20 13:42:25,0.00,in,A
2018-02-20 01:42:21,2018-02-20 01:42:25,0.00,in,A
2018-02-19 13:42:21,2018-02-19 13:42:25,0.00,in,A
2018-02-19 01:42:19,2018-02-19 01:42:25,0.00,in,A
2018-02-18 13:42:19,2018-02-18 13:42:25,0.00,in,A
2018-02-18 01:42:17,2018-02-18 01:42:25,0.00,in,A
2018-02-17 13:42:17,2018-02-17 13:42:25,0.00,in,A
2018-02-17 01:42:15,2018-02-17 01:42:25,0.00,in,A
2018-02-16 13:42:15,2018-02-16 13:42:25,0.00,in,A
2018-02-16 01:42:14,2018-02-16 01:42:25,0.00,in,A
2018-02-15 13:42:13,2018-02-15 13:42:45,0.00,in,A
2018-02-15 01:42:11,2018-02-15 01:42:25,0.00,in,A
2018-02-14 13:42:11,2018-02-14 13:42:25,0.00,in,A
2018-02-14 01:42:10,2018-02-14 01:42:25,0.00,in,A
2018-02-13 13:42:09,2018-02-13 13:42:25,0.00,in,A
2018-02-13 07:03:13,2018-02-13 07:03:25,0.01,in,A
2018-02-13 01:42:08,2018-02-13 01:42:25,0.00,in,A
2018-02-12 13:42:07,2018-02-12 13:42:25,0.00,in,A
2018-02-12 01:42:06,2018-02-12 01:42:25,0.00,in,A
2018-02-11 13:42:05,2018-02-11 13:42:25,0.00,in,A
2018-02-11 01:42:05,2018-02-11 01:42:25,0.00,in,A
2018-02-10 13:42:03,2018-02-10 13:42:25,0.00,in,A
2018-02-10 01:42:03,2018-02-10 01:42:25,0.00,in,A
2018-02-09 13:42:02,2018-02-09 13:42:05,0.00,in,A
2018-02-09 01:42:01,2018-02-09 01:42:05,0.00,in,A
2018-02-08 13:42:00,2018-02-08 13:42:05,0.00,in,A
2018-02-08 01:41:59,2018-02-08 01:42:05,0.00,in,A
2018-02-07 13:41:58,2018-02-07 13:42:05,0.00,in,A
2018-02-07 01:41:58,2018-02-07 01:42:05,0.00,in,A
2018-02-06 13:41:56,2018-02-06 13:42:05,0.00,in,A
2018-02-06 01:41:55,2018-02-06 01:42:05,0.00,in,A
2018-02-05 13:41:59,2018-02-05 13:42:05,0.00,in,A
2018-02-05 01:41:53,2018-02-05 01:42:05,0.00,in,A
2018-02-04 13:41:53,2018-02-04 13:42:05,0.00,in,A
2018-02-04 01:41:52,2018-02-04 01:42:05,0.00,in,A
2018-02-03 13:41:51,2018-02-03 13:42:05,0.00,in,A
2018-02-03 01:41:50,2018-02-03 01:42:05,0.00,in,A
2018-02-02 13:41:52,2018-02-02 13:42:05,0.00,in,A
2018-02-01 13:41:47,2018-02-01 13:42:05,0.00,in,A
2018-02-01 01:41:46,2018-02-01 01:42:05,0.00,in,A
2018-01-31 13:41:45,2018-01-31 13:42:05,0.00,in,A
2018-01-31 01:41:45,2018-01-31 01:42:05,0.00,in,A
2018-01-30 13:41:43,2018-01-30 13:42:05,0.00,in,A
2018-01-29 13:41:42,2018-01-29 13:41:45,0.00,in,A
2018-01-29 01:41:41,2018-01-29 01:41:45,0.00,in,A
2018-01-28 13:41:40,2018-01-28 13:41:45,0.00,in,A
2018-01-28 01:41:39,2018-01-28 01:41:45,0.00,in,A
2018-01-27 13:41:39,2018-01-27 13:41:45,0.00,in,A
2018-01-26 13:41:36,2018-01-26 13:41:45,0.00,in,A
2018-01-26 01:41:36,2018-01-26 01:41:45,0.00,in,A
2018-01-25 13:41:34,2018-01-25 13:41:45,0.00,in,A
2018-01-25 01:41:34,2018-01-25 01:41:45,0.00,in,A
2018-01-24 13:41:32,2018-01-24 13:41:45,0.00,in,A
2018-01-24 01:41:32,2018-01-24 01:41:45,0.00,in,A
2018-01-23 13:41:31,2018-01-23 13:41:45,0.00,in,A
2018-01-23 01:41:29,2018-01-23 01:41:45,0.00,in,A
2018-01-22 13:41:29,2018-01-22 13:41:45,0.00,in,A
2018-01-22 01:41:28,2018-01-22 01:41:45,0.00,in,A
2018-01-21 13:41:30,2018-01-21 13:41:45,0.00,in,A
2018-01-21 01:41:26,2018-01-21 01:41:45,0.00,in,A
2018-01-20 01:41:24,2018-01-20 01:41:45,0.00,in,A
2018-01-19 13:41:27,2018-01-19 13:41:45,0.00,in,A
2018-01-18 13:41:23,2018-01-18 13:41:45,0.00,in,A
2018-01-18 01:41:20,2018-01-18 01:41:25,0.00,in,A
2018-01-17 13:41:20,2018-01-17 13:41:25,0.00,in,A
2018-01-17 01:41:19,2018-01-17 01:41:25,0.00,in,A
2018-01-16 13:41:18,2018-01-16 13:41:25,0.00,in,A
2018-01-16 01:41:17,2018-01-16 01:41:25,0.00,in,A
2018-01-15 13:41:17,2018-01-15 13:41:25,0.00,in,A
2018-01-15 01:41:15,2018-01-15 01:41:25,0.00,in,A
2018-01-14 01:41:14,2018-01-14 01:41:25,0.00,in,A
2018-01-13 13:41:12,2018-01-13 13:41:25,0.00,in,A
2018-01-13 01:41:12,2018-01-13 01:41:25,0.00,in,A
2018-01-12 13:41:11,2018-01-12 13:41:25,0.00,in,A
2018-01-12 01:41:10,2018-01-12 01:41:25,0.00,in,A
2018-01-11 13:41:09,2018-01-11 13:41:25,0.00,in,A
2018-01-10 13:41:08,2018-01-10 13:41:25,0.00,in,A
2018-01-10 01:41:07,2018-01-10 01:41:25,0.00,in,A
2018-01-09 15:40:07,2018-01-09 15:40:25,0.01,in,A
2018-01-09 13:41:05,2018-01-09 13:41:25,0.00,in,A
2018-01-09 10:47:35,2018-01-09 10:47:45,0.01,in,A
2018-01-09 10:47:03,2018-01-09 10:47:25,0.01,in,A
2018-01-09 10:46:28,2018-01-09 10:46:46,0.01,in,A
2018-01-09 10:45:30,2018-01-09 10:45:45,0.01,in,A
2018-01-09 10:43:29,2018-01-09 10:43:45,0.01,in,A
2018-01-09 10:41:38,2018-01-09 10:41:46,0.01,in,A
2018-01-09 10:41:24,2018-01-09 10:41:46,0.02,in,A
2018-01-09 10:37:26,2018-01-09 10:37:46,0.01,in,A
2018-01-09 10:23:53,2018-01-09 10:24:05,0.01,in,A
2018-01-09 10:20:23,2018-01-09 10:20:45,0.01,in,A
2018-01-09 10:01:59,2018-01-09 10:02:06,0.01,in,A
2018-01-09 09:49:32,2018-01-09 09:49:45,0.01,in,A
2018-01-09 09:40:55,2018-01-09 09:41:05,0.01,in,A
2018-01-09 09:32:43,2018-01-09 09:33:05,0.01,in,A
2018-01-09 09:28:18,2018-01-09 09:28:25,0.01,in,A
2018-01-09 09:24:55,2018-01-09 09:25:05,0.01,in,A
2018-01-09 09:14:48,2018-01-09 09:15:05,0.01,in,A
2018-01-09 09:13:25,2018-01-09 09:13:45,0.01,in,A
2018-01-09 09:10:10,2018-01-09 09:10:25,0.01,in,A
2018-01-09 09:07:12,2018-01-09 09:07:25,0.01,in,A
2018-01-09 07:40:04,2018-01-09 07:40:25,0.01,in,A
2018-01-09 07:28:09,2018-01-09 07:28:25,0.01,in,A
2018-01-09 07:06:04,2018-01-09 07:06:25,0.01,in,A
2018-01-09 06:58:02,2018-01-09 06:58:05,0.01,in,A
2018-01-09 06:53:43,2018-01-09 06:54:05,0.02,in,A
2018-01-09 06:36:08,2018-01-09 06:36:25,0.01,in,A
2018-01-09 06:25:06,2018-01-09 06:25:26,0.01,in,A
2018-01-09 05:53:29,2018-01-09 05:53:45,0.01,in,A
2018-01-09 05:26:53,2018-01-09 05:27:05,0.02,in,A
2018-01-09 05:06:03,2018-01-09 05:06:25,0.02,in,A
2018-01-09 04:36:40,2018-01-09 04:36:45,0.02,in,A
2018-01-09 04:31:30,2018-01-09 04:31:46,0.01,in,A
2018-01-09 04:29:57,2018-01-09 04:30:05,0.01,in,A
2018-01-09 04:25:52,2018-01-09 04:26:05,0.01,in,A
2018-01-09 04:24:55,2018-01-09 04:25:06,0.02,in,A
2018-01-09 03:53:27,2018-01-09 03:53:46,0.02,in,A
2018-01-09 03:28:45,2018-01-09 03:29:07,0.01,in,A
2018-01-09 03:21:49,2018-01-09 03:22:06,0.01,in,A
2018-01-09 03:20:16,2018-01-09 03:20:27,0.02,in,A
2018-01-09 03:18:30,2018-01-09 03:18:47,0.01,in,A
2018-01-09 03:18:00,2018-01-09 03:18:06,0.01,in,A
2018-01-09 03:17:27,2018-01-09 03:17:46,0.01,in,A
2018-01-09 03:16:37,2018-01-09 03:16:46,0.01,in,A
2018-01-09 03:16:06,2018-01-09 03:16:26,0.01,in,A
2018-01-09 03:15:38,2018-01-09 03:15:46,0.01,in,A
2018-01-09 03:15:20,2018-01-09 03:15:27,0.01,in,A
2018-01-09 03:15:04,2018-01-09 03:15:26,0.01,in,A
2018-01-09 03:14:44,2018-01-09 03:15:06,0.01,in,A
2018-01-09 03:14:19,2018-01-09 03:14:27,0.01,in,A
2018-01-09 03:13:45,2018-01-09 03:14:08,0.01,in,A
2018-01-09 03:13:02,2018-01-09 03:13:07,0.01,in,A
2018-01-09 03:11:22,2018-01-09 03:11:27,0.01,in,A
2018-01-09 03:11:00,2018-01-09 03:11:07,0.01,in,A
2018-01-09 03:08:14,2018-01-09 03:08:27,0.01,in,A
2018-01-09 03:07:22,2018-01-09 03:07:26,0.01,in,A
2018-01-09 03:05:32,2018-01-09 03:05:46,0.01,in,A
2018-01-09 03:03:29,2018-01-09 03:03:46,0.01,in,A
2018-01-09 03:01:32,2018-01-09 03:01:46,0.02,in,A
2018-01-09 02:55:12,2018-01-09 02:55:26,0.01,in,A
2018-01-09 02:54:15,2018-01-09 02:54:27,0.01,in,A
2018-01-09 02:53:22,2018-01-09 02:53:28,0.02,in,A
2018-01-09 02:50:26,2018-01-09 02:50:46,0.01,in,A
2018-01-09 02:48:24,2018-01-09 02:48:47,0.03,in,A
2018-01-09 02:43:35,2018-01-09 02:43:46,0.01,in,A
2018-01-09 02:42:34,2018-01-09 02:42:47,0.01,in,A
2018-01-09 02:41:56,2018-01-09 02:42:06,0.01,in,A
2018-01-09 02:40:51,2018-01-09 02:41:07,0.01,in,A
2018-01-09 02:39:57,2018-01-09 02:40:06,0.01,in,A
2018-01-09 02:38:55,2018-01-09 02:39:07,0.02,in,A
2018-01-09 02:37:47,2018-01-09 02:38:07,0.01,in,A
2018-01-09 02:37:09,2018-01-09 02:37:27,0.01,in,A
2018-01-09 02:36:37,2018-01-09 02:36:47,0.01,in,A
2018-01-09 02:36:16,2018-01-09 02:36:28,0.02,in,A
2018-01-09 02:35:22,2018-01-09 02:35:27,0.02,in,A
2018-01-09 02:34:33,2018-01-09 02:34:46,0.01,in,A
2018-01-09 02:33:37,2018-01-09 02:33:47,0.01,in,A
2018-01-09 02:32:29,2018-01-09 02:32:47,0.01,in,A
2018-01-09 02:30:48,2018-01-09 02:31:06,0.01,in,A
2018-01-09 02:28:11,2018-01-09 02:28:27,0.01,in,A
2018-01-09 02:26:15,2018-01-09 02:26:27,0.01,in,A
2018-01-09 02:24:22,2018-01-09 02:24:28,0.02,in,A
2018-01-09 02:21:12,2018-01-09 02:21:27,0.01,in,A
2018-01-09 02:20:30,2018-01-09 02:20:46,0.01,in,A
2018-01-09 02:20:01,2018-01-09 02:20:06,0.02,in,A
2018-01-09 02:19:00,2018-01-09 02:19:08,0.01,in,A
2018-01-09 02:18:22,2018-01-09 02:18:26,0.02,in,A
2018-01-09 02:17:39,2018-01-09 02:17:47,0.01,in,A
2018-01-09 02:17:19,2018-01-09 02:17:27,0.01,in,A
2018-01-09 02:16:49,2018-01-09 02:17:06,0.01,in,A
2018-01-09 02:16:23,2018-01-09 02:16:46,0.01,in,A
2018-01-09 02:15:51,2018-01-09 02:16:07,0.01,in,A
2018-01-09 02:14:55,2018-01-09 02:15:06,0.01,in,A
2018-01-09 02:14:43,2018-01-09 02:15:06,0.01,in,A
2018-01-09 02:13:38,2018-01-09 02:13:47,0.01,in,A
2018-01-09 02:12:52,2018-01-09 02:13:08,0.01,in,A
2018-01-09 02:12:21,2018-01-09 02:12:26,0.01,in,A
2018-01-09 02:11:47,2018-01-09 02:12:06,0.02,in,A
2018-01-09 02:10:42,2018-01-09 02:10:47,0.02,in,A
2018-01-09 02:09:49,2018-01-09 02:10:06,0.02,in,A
2018-01-09 02:09:09,2018-01-09 02:09:26,0.01,in,A
2018-01-09 02:08:54,2018-01-09 02:09:07,0.01,in,A
2018-01-09 02:08:34,2018-01-09 02:08:47,0.02,in,A
2018-01-09 02:04:34,2018-01-09 02:04:47,0.01,in,A
2018-01-09 02:03:19,2018-01-09 02:03:27,0.01,in,A
2018-01-09 02:00:37,2018-01-09 02:00:46,0.04,in,A
2018-01-09 01:55:51,2018-01-09 01:56:06,0.01,in,A
2018-01-09 01:55:30,2018-01-09 01:55:45,0.01,in,A
2018-01-09 01:54:53,2018-01-09 01:55:06,0.01,in,A
2018-01-09 01:54:23,2018-01-09 01:54:46,0.01,in,A
2018-01-09 01:53:57,2018-01-09 01:54:07,0.01,in,A
2018-01-09 01:53:10,2018-01-09 01:53:26,0.01,in,A
2018-01-09 01:51:56,2018-01-09 01:52:06,0.01,in,A
2018-01-09 01:51:05,2018-01-09 01:51:26,0.01,in,A
2018-01-09 01:50:01,2018-01-09 01:50:07,0.01,in,A
2018-01-09 01:48:55,2018-01-09 01:49:06,0.01,in,A
2018-01-09 01:46:56,2018-01-09 01:47:07,0.01,in,A
2018-01-09 01:45:53,2018-01-09 01:46:06,0.04,in,A
2018-01-09 01:35:25,2018-01-09 01:35:45,0.01,in,A
2018-01-09 01:31:12,2018-01-09 01:31:27,0.01,in,A
2018-01-09 01:28:36,2018-01-09 01:28:45,0.01,in,A
2018-01-09 01:25:36,2018-01-09 01:25:46,0.01,in,A
2018-01-09 01:22:36,2018-01-09 01:22:46,0.01,in,A
2018-01-09 01:20:16,2018-01-09 01:20:26,0.02,in,A
2018-01-09 01:13:40,2018-01-09 01:13:46,0.02,in,A
2018-01-09 01:10:04,2018-01-09 01:10:26,0.02,in,A
2018-01-09 01:05:21,2018-01-09 01:05:25,0.02,in,A
2018-01-08 19:45:30,2018-01-08 19:45:45,0.01,in,A
2018-01-08 19:05:22,2018-01-08 19:05:25,0.01,in,A
2018-01-08 18:17:34,2018-01-08 18:17:45,0.01,in,A
2018-01-08 18:09:54,2018-01-08 18:10:05,0.01,in,A
2018-01-08 17:07:10,2018-01-08 17:07:26,0.01,in,A
2018-01-08 15:57:31,2018-01-08 15:57:46,0.01,in,A
2018-01-08 15:42:01,2018-01-08 15:42:05,0.01,in,A
2018-01-08 15:32:24,2018-01-08 15:32:45,0.01,in,A
2018-01-08 15:18:36,2018-01-08 15:18:45,0.02,in,A
2018-01-08 15:09:19,2018-01-08 15:09:25,0.01,in,A
2018-01-08 14:19:09,2018-01-08 14:19:26,0.01,in,A
2018-01-08 09:20:08,2018-01-08 09:20:25,0.01,in,A
2018-01-08 08:18:45,2018-01-08 08:19:05,0.01,in,A
2018-01-08 08:09:34,2018-01-08 08:09:45,0.01,in,A
2018-01-08 05:41:38,2018-01-08 05:41:45,0.01,in,A
2018-01-08 01:41:03,2018-01-08 01:41:25,0.00,in,A
2018-01-07 01:41:01,2018-01-07 01:41:05,0.00,in,A
2018-01-06 17:33:50,2018-01-06 17:34:05,0.01,in,A
2018-01-06 13:41:01,2018-01-06 13:41:05,0.00,in,A
2018-01-06 01:41:00,2018-01-06 01:41:05,0.00,in,A
2018-01-05 13:40:59,2018-01-05 13:41:05,0.00,in,A
2018-01-05 08:26:05,2018-01-05 08:26:25,0.01,in,A
2018-01-05 01:40:58,2018-01-05 01:41:05,0.00,in,A
2018-01-04 21:46:41,2018-01-04 21:46:45,0.01,in,A
2018-01-04 21:30:30,2018-01-04 21:30:45,0.01,in,A
2018-01-04 16:22:58,2018-01-04 16:23:05,0.01,in,A
2018-01-04 14:54:19,2018-01-04 14:54:25,0.01,in,A
2018-01-04 09:52:04,2018-01-04 09:52:25,0.01,in,A
2018-01-04 09:31:02,2018-01-04 09:31:05,0.01,in,A
2018-01-04 09:29:52,2018-01-04 09:30:06,0.01,in,A
2018-01-04 08:39:07,2018-01-04 08:39:25,0.02,in,A
2018-01-04 07:50:11,2018-01-04 07:50:25,0.01,in,A
2018-01-04 07:41:29,2018-01-04 07:41:45,0.01,in,A
2018-01-04 07:40:52,2018-01-04 07:41:05,0.03,in,A
2018-01-04 07:38:59,2018-01-04 07:39:05,0.01,in,A
2018-01-04 07:38:10,2018-01-04 07:38:25,0.01,in,A
2018-01-04 07:14:13,2018-01-04 07:14:25,0.01,in,A
2018-01-04 06:42:58,2018-01-04 06:43:05,0.01,in,A
2018-01-04 06:21:42,2018-01-04 06:21:45,0.01,in,A
2018-01-04 06:16:01,2018-01-04 06:16:05,0.01,in,A
2018-01-04 05:55:43,2018-01-04 05:56:05,0.01,in,A
2018-01-04 05:32:09,2018-01-04 05:32:25,0.01,in,A
2018-01-04 05:28:54,2018-01-04 05:29:05,0.01,in,A
2018-01-04 05:26:27,2018-01-04 05:26:46,0.01,in,A
2018-01-04 05:23:59,2018-01-04 05:24:05,0.01,in,A
2018-01-04 05:21:53,2018-01-04 05:22:05,0.01,in,A
2018-01-04 05:20:19,2018-01-04 05:20:25,0.01,in,A
2018-01-04 05:18:35,2018-01-04 05:18:45,0.01,in,A
2018-01-04 05:16:41,2018-01-04 05:16:45,0.01,in,A
2018-01-04 05:14:25,2018-01-04 05:14:45,0.02,in,A
2018-01-04 04:43:35,2018-01-04 04:43:45,0.01,in,A
2018-01-04 02:55:04,2018-01-04 02:55:25,0.01,in,A
2018-01-04 02:28:01,2018-01-04 02:28:05,0.01,in,A
2018-01-04 01:58:32,2018-01-04 01:58:45,0.01,in,A
2018-01-04 01:40:56,2018-01-04 01:41:05,0.00,in,A
2018-01-04 01:39:38,2018-01-04 01:39:45,0.01,in,A
2018-01-04 01:22:50,2018-01-04 01:23:05,0.01,in,A
2018-01-04 01:21:33,2018-01-04 01:21:45,0.01,in,A
2018-01-04 01:11:29,2018-01-04 01:11:45,0.01,in,A
2018-01-03 23:12:34,2018-01-03 23:12:45,0.02,in,A
2018-01-03 21:53:38,2018-01-03 21:53:45,0.01,in,A
2018-01-03 21:52:27,2018-01-03 21:52:45,0.01,in,A
2018-01-03 21:51:19,2018-01-03 21:51:25,0.01,in,A
2018-01-03 13:40:56,2018-01-03 13:41:05,0.00,in,A
2018-01-03 01:40:55,2018-01-03 01:41:05,0.00,in,A
2018-01-02 13:40:54,2018-01-02 13:41:05,0.00,in,A
2018-01-02 01:40:53,2018-01-02 01:41:05,0.00,in,A
2018-01-01 13:40:52,2018-01-01 13:41:05,0.00,in,A
2018-01-01 01:40:51,2018-01-01 01:41:05,0.00,in,A
2017-12-31 13:40:50,2017-12-31 13:41:05,0.00,in,A
2017-12-31 01:40:49,2017-12-31 01:41:05,0.00,in,A
2017-12-30 13:40:48,2017-12-30 13:41:05,0.00,in,A
2017-12-30 01:40:48,2017-12-30 01:41:05,0.00,in,A
2017-12-29 13:40:46,2017-12-29 13:41:05,0.00,in,A
2017-12-29 01:40:45,2017-12-29 01:41:05,0.00,in,A
2017-12-28 13:40:48,2017-12-28 13:41:05,0.00,in,A
2017-12-28 01:40:43,2017-12-28 01:41:05,0.00,in,A
2017-12-27 13:40:43,2017-12-27 13:41:05,0.00,in,A
2017-12-26 13:40:43,2017-12-26 13:41:05,0.00,in,A
2017-12-26 01:40:40,2017-12-26 01:40:45,0.00,in,A
2017-12-25 13:40:38,2017-12-25 13:40:45,0.00,in,A
2017-12-25 01:40:38,2017-12-25 01:40:45,0.00,in,A
2017-12-24 13:40:36,2017-12-24 13:40:45,0.00,in,A
2017-12-24 01:40:36,2017-12-24 01:40:45,0.00,in,A
2017-12-23 13:40:35,2017-12-23 13:40:45,0.00,in,A
2017-12-23 01:40:34,2017-12-23 01:40:45,0.00,in,A
2017-12-22 13:40:32,2017-12-22 13:40:45,0.00,in,A
2017-12-22 01:40:32,2017-12-22 01:40:45,0.00,in,A
2017-12-21 13:40:31,2017-12-21 13:40:45,0.00,in,A
2017-12-21 01:40:29,2017-12-21 01:40:45,0.00,in,A
2017-12-20 13:40:29,2017-12-20 13:40:45,0.00,in,A
2017-12-19 13:40:27,2017-12-19 13:40:45,0.00,in,A
2017-12-18 13:40:25,2017-12-18 13:40:45,0.00,in,A
2017-12-18 01:40:24,2017-12-18 01:40:45,0.00,in,A
2017-12-17 13:40:23,2017-12-17 13:40:45,0.00,in,A
2017-12-17 01:40:22,2017-12-17 01:40:25,0.00,in,A
2017-12-16 13:40:21,2017-12-16 13:40:25,0.00,in,A
2017-12-16 01:40:20,2017-12-16 01:40:25,0.00,in,A
2017-12-15 13:40:19,2017-12-15 13:40:25,0.00,in,A
2017-12-15 01:40:18,2017-12-15 01:40:25,0.00,in,A
2017-12-14 13:40:17,2017-12-14 13:40:25,0.00,in,A
2017-12-14 01:40:16,2017-12-14 01:40:25,0.00,in,A
2017-12-13 13:40:17,2017-12-13 13:40:25,0.00,in,A
2017-12-13 01:40:15,2017-12-13 01:40:25,0.00,in,A
2017-12-12 13:40:13,2017-12-12 13:40:25,0.00,in,A
2017-12-12 01:40:13,2017-12-12 01:40:25,0.00,in,A
2017-12-11 13:40:12,2017-12-11 13:40:25,0.00,in,A
2017-12-11 01:40:14,2017-12-11 01:40:25,0.00,in,A
2017-12-10 01:40:09,2017-12-10 01:40:25,0.00,in,A
2017-12-09 13:40:08,2017-12-09 13:40:25,0.00,in,A
2017-12-09 01:40:07,2017-12-09 01:40:25,0.00,in,A
2017-12-08 13:40:06,2017-12-08 13:40:25,0.00,in,A
2017-12-08 01:40:05,2017-12-08 01:40:25,0.00,in,A
2017-12-07 13:40:05,2017-12-07 13:40:25,0.00,in,A
2017-12-07 01:40:03,2017-12-07 01:40:25,0.00,in,A
2017-12-06 13:40:03,2017-12-06 13:40:25,0.00,in,A
2017-12-06 01:40:02,2017-12-06 01:40:05,0.00,in,A
2017-12-05 13:40:01,2017-12-05 13:40:05,0.00,in,A
2017-12-05 01:40:00,2017-12-05 01:40:05,0.00,in,A
2017-12-04 13:39:59,2017-12-04 13:40:05,0.00,in,A
2017-12-04 01:39:58,2017-12-04 01:40:05,0.00,in,A
2017-12-03 13:39:56,2017-12-03 13:40:05,0.00,in,A
2017-12-03 01:39:56,2017-12-03 01:40:05,0.00,in,A
2017-12-02 13:39:54,2017-12-02 13:40:05,0.00,in,A
2017-12-02 01:39:54,2017-12-02 01:40:05,0.00,in,A
2017-12-01 13:39:53,2017-12-01 13:40:05,0.00,in,A
2017-12-01 01:39:52,2017-12-01 01:40:05,0.00,in,A
2017-11-30 13:39:51,2017-11-30 13:40:05,0.00,in,A
2017-11-30 01:39:50,2017-11-30 01:40:05,0.00,in,A
2017-11-29 13:39:49,2017-11-29 13:40:05,0.00,in,A
2017-11-29 01:39:48,2017-11-29 01:40:05,0.00,in,A
2017-11-28 13:39:47,2017-11-28 13:40:05,0.00,in,A
2017-11-28 01:39:46,2017-11-28 01:40:05,0.00,in,A
2017-11-27 01:39:45,2017-11-27 01:40:05,0.00,in,A
2017-11-26 13:39:43,2017-11-26 13:40:05,0.00,in,A
2017-11-26 01:39:43,2017-11-26 01:40:05,0.00,in,A
2017-11-25 13:39:42,2017-11-25 13:39:45,0.00,in,A
2017-11-25 01:39:41,2017-11-25 01:39:45,0.00,in,A
2017-11-24 13:39:41,2017-11-24 13:39:45,0.00,in,A
2017-11-24 01:39:39,2017-11-24 01:39:45,0.00,in,A
2017-11-23 13:39:38,2017-11-23 13:39:45,0.00,in,A
2017-11-23 01:39:38,2017-11-23 01:39:45,0.00,in,A
2017-11-22 13:39:37,2017-11-22 13:39:45,0.00,in,A
2017-11-22 01:39:36,2017-11-22 01:39:45,0.00,in,A
2017-11-21 13:39:35,2017-11-21 13:39:45,0.00,in,A
2017-11-21 01:39:34,2017-11-21 01:39:45,0.00,in,A
2017-11-20 13:39:33,2017-11-20 13:39:45,0.00,in,A
2017-11-19 13:39:32,2017-11-19 13:39:45,0.00,in,A
2017-11-19 01:39:30,2017-11-19 01:39:45,0.00,in,A
2017-11-18 13:39:30,2017-11-18 13:39:45,0.00,in,A
2017-11-18 01:39:28,2017-11-18 01:39:45,0.00,in,A
2017-11-17 13:39:28,2017-11-17 13:39:45,0.00,in,A
2017-11-17 01:39:27,2017-11-17 01:39:45,0.00,in,A
2017-11-16 13:39:26,2017-11-16 13:39:45,0.00,in,A
2017-11-16 01:39:26,2017-11-16 01:39:45,0.00,in,A
2017-11-15 13:39:25,2017-11-15 13:39:45,0.00,in,A
2017-11-15 01:39:23,2017-11-15 01:39:45,0.00,in,A
2017-11-14 13:39:23,2017-11-14 13:39:45,0.00,in,A
2017-11-14 01:39:23,2017-11-14 01:39:45,0.00,in,A
2017-11-13 13:39:24,2017-11-13 13:39:45,0.00,in,A
2017-11-13 01:39:21,2017-11-13 01:39:25,0.00,in,A
2017-11-12 13:39:19,2017-11-12 13:39:25,0.00,in,A
2017-11-12 01:39:19,2017-11-12 01:39:25,0.00,in,A
2017-11-11 13:39:23,2017-11-11 13:39:45,0.00,in,A
2017-11-11 01:39:16,2017-11-11 01:39:25,0.00,in,A
2017-11-10 01:39:15,2017-11-10 01:39:25,0.00,in,A
2017-11-09 13:39:15,2017-11-09 13:39:25,0.00,in,A
2017-11-09 01:39:13,2017-11-09 01:39:25,0.00,in,A
2017-11-08 13:39:12,2017-11-08 13:39:25,0.00,in,A
2017-11-08 01:39:11,2017-11-08 01:39:25,0.00,in,A
2017-11-07 13:39:10,2017-11-07 13:39:25,0.00,in,A
2017-11-07 01:39:10,2017-11-07 01:39:25,0.00,in,A
2017-11-06 13:39:09,2017-11-06 13:39:25,0.00,in,A
2017-11-06 01:39:08,2017-11-06 01:39:25,0.00,in,A
2017-11-05 13:39:07,2017-11-05 13:39:25,0.00,in,A
2017-11-05 01:39:06,2017-11-05 01:39:25,0.00,in,A
2017-11-04 14:39:06,2017-11-04 14:39:25,0.00,in,A
2017-11-04 02:39:05,2017-11-04 02:39:25,0.00,in,A
2017-11-03 14:39:04,2017-11-03 14:39:25,0.00,in,A
2017-11-03 02:39:03,2017-11-03 02:39:25,0.00,in,A
2017-11-02 14:39:03,2017-11-02 14:39:25,0.00,in,A
2017-11-02 02:39:02,2017-11-02 02:39:05,0.00,in,A
2017-11-01 14:39:01,2017-11-01 14:39:05,0.00,in,A
2017-11-01 02:39:00,2017-11-01 02:39:05,0.00,in,A
2017-10-31 14:38:59,2017-10-31 14:39:05,0.00,in,A
2017-10-31 02:38:58,2017-10-31 02:39:05,0.00,in,A
2017-10-30 14:38:58,2017-10-30 14:39:05,0.00,in,A
2017-10-30 02:38:57,2017-10-30 02:39:05,0.00,in,A
2017-10-29 14:38:56,2017-10-29 14:39:05,0.00,in,A
2017-10-29 02:38:55,2017-10-29 02:39:05,0.00,in,A
2017-10-28 14:38:54,2017-10-28 14:39:05,0.00,in,A
2017-10-28 02:38:53,2017-10-28 02:39:05,0.00,in,A
2017-10-27 14:38:53,2017-10-27 14:39:05,0.00,in,A
2017-10-27 02:38:52,2017-10-27 02:39:05,0.00,in,A
2017-10-26 14:38:54,2017-10-26 14:39:05,0.00,in,A
2017-10-26 02:38:49,2017-10-26 02:39:05,0.00,in,A
2017-10-25 14:38:49,2017-10-25 14:39:05,0.00,in,A
2017-10-25 02:38:48,2017-10-25 02:39:05,0.00,in,A
2017-10-24 14:38:47,2017-10-24 14:39:05,0.00,in,A
2017-10-24 02:38:47,2017-10-24 02:39:05,0.00,in,A
2017-10-23 14:38:45,2017-10-23 14:39:05,0.00,in,A
2017-10-23 02:38:44,2017-10-23 02:39:05,0.00,in,A
2017-10-22 14:38:43,2017-10-22 14:39:05,0.00,in,A
2017-10-22 02:38:43,2017-10-22 02:39:05,0.00,in,A
2017-10-21 14:38:45,2017-10-21 14:39:05,0.00,in,A
2017-10-21 02:38:40,2017-10-21 02:38:45,0.00,in,A
